{
  "name": "SKOtp",
  "version": "1.0.2",
  "source": {
    "git": "https://github.com/Shadabkhan8/SKOtp.git",
    "tag": "1.0.2"
  },
  "summary": "Light weight OTP library for swiftUI.",
  "homepage": "https://github.com/Shadabkhan8/SKOtp",
  "license": {
    "type": "MIT",
    "file": "LICENSE"
    },
  "authors": {
    "Shadab": "shadab.khan@infoenum.com"
  },
  "platforms": {
    "ios": "15.0"
  },
  "swift_versions": [
    "5.7",
    "5.8",
    "5.9"
  ],
  "source_files": [
    "*.swift",
    "**/*.swift"
  ],
  "frameworks": [
    "UIKit",
    "Foundation"
  ],
  "requires_arc": true
}
